{
  "0": 3.0,
  "1": 7.986000000000002,
  "2": 7.986000000000002,
  "3": 7.986000000000002,
  "4": 7.986000000000002,
  "5": 3.0,
  "6": 30.0,
  "7": 30.0,
  "8": 8.0,
  "9": 3.0,
  "10": 7.986000000000002,
  "11": 7.986000000000002,
  "12": 10.0,
  "13": 3.0,
  "14": 7.986000000000002,
  "15": 10.0,
  "16": 7.986000000000002,
  "17": 26.620000000000005,
  "18": 8.0,
  "19": 7.986000000000002,
  "20": 8.0,
  "21": 30.0,
  "22": 3.0,
  "23": 30.0,
  "24": 7.986000000000002,
  "25": 30.0,
  "26": 30.0,
  "27": 26.620000000000005,
  "28": 7.986000000000002,
  "29": 30.0,
  "30": 30.0,
  "31": 7.986000000000002,
  "32": 3.0,
  "33": 26.620000000000005,
  "34": 3.0,
  "35": 7.986000000000002,
  "36": 10.0,
  "37": 7.986000000000002,
  "38": 26.620000000000005,
  "39": 7.986000000000002,
  "40": 7.986000000000002,
  "41": 30.0,
  "42": 7.986000000000002,
  "43": 7.986000000000002,
  "44": 3.0,
  "45": 3.0,
  "46": 3.0,
  "47": 7.986000000000002,
  "48": 7.986000000000002,
  "49": 1.0648000000000002,
  "50": 3.0,
  "51": 3.0,
  "52": 7.986000000000002,
  "53": 7.986000000000002,
  "54": 7.986000000000002,
  "55": 7.986000000000002,
  "56": 26.620000000000005,
  "57": 7.986000000000002,
  "58": 3.0,
  "59": 3.0,
  "60": 3.0,
  "61": 7.986000000000002,
  "62": 3.0,
  "63": 8.0,
  "64": 7.986000000000002,
  "65": 7.986000000000002,
  "66": 3.0,
  "67": 3.0,
  "68": 7.986000000000002,
  "69": 3.0,
  "70": 7.986000000000002,
  "71": 30.0,
  "72": 26.620000000000005,
  "73": 30.0,
  "74": 7.986000000000002,
  "75": 7.986000000000002,
  "76": 7.986000000000002,
  "77": 3.0,
  "78": 3.0,
  "79": 3.0,
  "80": 7.986000000000002,
  "81": 7.986000000000002,
  "82": 3.0,
  "83": 3.0,
  "84": 7.986000000000002,
  "85": 7.986000000000002,
  "86": 7.986000000000002,
  "87": 26.620000000000005,
  "88": 3.0,
  "89": 3.0,
  "90": 26.620000000000005,
  "91": 7.986000000000002,
  "92": 7.986000000000002,
  "93": 26.620000000000005,
  "94": 26.620000000000005,
  "95": 30.0,
  "96": 8.0,
  "97": 8.0,
  "98": 30.0,
  "99": 7.986000000000002
}